{
  "anom_bruteforce": {
    "n": 2062,
    "mean": -0.4352273425430058,
    "std": 0.03924287770822422,
    "p5": -0.49846389789507567,
    "p25": -0.4353033787492196,
    "p50": -0.420557914409851,
    "p75": -0.4141535552607972,
    "p95": -0.39697736777662024,
    "pct_block": 0.04849660523763337,
    "pct_limit": 21.774975751697383,
    "pct_permit": 78.17652764306499
  },
  "anom_httpabuse": {
    "n": 21758,
    "mean": -0.5023628850764666,
    "std": 0.11412662956342351,
    "p5": -0.6789165244632038,
    "p25": -0.6789165244632038,
    "p50": -0.4255700550429903,
    "p75": -0.4141535552607972,
    "p95": -0.39697736777662024,
    "pct_block": 0.5607133008548579,
    "pct_limit": 42.50850261972608,
    "pct_permit": 56.93078407941906
  },
  "anom_icmpflood": {
    "n": 20200,
    "mean": -0.6913543684513277,
    "std": 0.019457570606259,
    "p5": -0.7214918655250937,
    "p25": -0.7214918655250937,
    "p50": -0.6789165244632038,
    "p75": -0.6789165244632038,
    "p95": -0.6789165244632038,
    "pct_block": 29.262376237623762,
    "pct_limit": 70.73762376237623,
    "pct_permit": 0.0
  },
  "anom_portscan": {
    "n": 3297,
    "mean": -0.6458831584746332,
    "std": 0.03274049304582615,
    "p5": -0.7111379638272622,
    "p25": -0.6537742454420392,
    "p50": -0.6530374364365026,
    "p75": -0.6259767043307313,
    "p95": -0.6245665375220395,
    "pct_block": 5.216863815589931,
    "pct_limit": 93.56991204124962,
    "pct_permit": 1.213224143160449
  },
  "anom_synflood": {
    "n": 94841,
    "mean": -0.6083265028878467,
    "std": 0.09683660043849578,
    "p5": -0.7214918655250937,
    "p25": -0.6528901743121422,
    "p50": -0.6528901743121422,
    "p75": -0.6259767043307313,
    "p95": -0.4141535552607972,
    "pct_block": 15.069431996710284,
    "pct_limit": 68.37865480119358,
    "pct_permit": 16.551913202096138
  },
  "anom_udpflood": {
    "n": 15815,
    "mean": -0.7130581328062994,
    "std": 0.026970007079114483,
    "p5": -0.7214918655250937,
    "p25": -0.7214918655250937,
    "p50": -0.7214918655250937,
    "p75": -0.7214918655250937,
    "p95": -0.6259767043307313,
    "pct_block": 90.95795131204552,
    "pct_limit": 9.029402466013279,
    "pct_permit": 0.012646221941195067
  },
  "mixto_descarga": {
    "n": 109839,
    "mean": -0.7130749427761404,
    "std": 0.027574346685678052,
    "p5": -0.7214918655250937,
    "p25": -0.7214918655250937,
    "p50": -0.7214918655250937,
    "p75": -0.7214918655250937,
    "p95": -0.6528901743121422,
    "pct_block": 89.14593177286756,
    "pct_limit": 10.359708300330484,
    "pct_permit": 0.4943599268019556
  },
  "mixto_http": {
    "n": 95157,
    "mean": -0.6520231162408117,
    "std": 0.013291722937451081,
    "p5": -0.6528901743121422,
    "p25": -0.6528901743121422,
    "p50": -0.6528901743121422,
    "p75": -0.6528901743121422,
    "p95": -0.6528901743121422,
    "pct_block": 0.0,
    "pct_limit": 99.57543848587072,
    "pct_permit": 0.4245615141292811
  },
  "mixto_ssh": {
    "n": 137,
    "mean": -0.44167396706993095,
    "std": 0.06665306907891387,
    "p5": -0.525739866317312,
    "p25": -0.4859909384298805,
    "p50": -0.43676318899989686,
    "p75": -0.3872251021380815,
    "p95": -0.37448061345447564,
    "pct_block": 1.4598540145985401,
    "pct_limit": 13.86861313868613,
    "pct_permit": 84.67153284671532
  },
  "normal_http": {
    "n": 11333,
    "mean": -0.6438197102689321,
    "std": 0.04476138792914585,
    "p5": -0.6528901743121422,
    "p25": -0.6528901743121422,
    "p50": -0.6528901743121422,
    "p75": -0.6528901743121422,
    "p95": -0.6528901743121422,
    "pct_block": 0.026471366804906027,
    "pct_limit": 96.1175328686138,
    "pct_permit": 3.855995764581311
  },
  "normal_sostenido": {
    "n": 251,
    "mean": -0.4229847184071504,
    "std": 0.06880051573067145,
    "p5": -0.597076911372125,
    "p25": -0.42000879034871724,
    "p50": -0.3995493704670888,
    "p75": -0.39332892086538734,
    "p95": -0.36875407310446645,
    "pct_block": 2.3904382470119523,
    "pct_limit": 5.9760956175298805,
    "pct_permit": 91.63346613545816
  },
  "normal_ssh": {
    "n": 2108,
    "mean": -0.6463913594624374,
    "std": 0.04044812645789203,
    "p5": -0.6537742454420392,
    "p25": -0.6537742454420392,
    "p50": -0.6530374364365026,
    "p75": -0.6528901743121422,
    "p95": -0.6496104018990067,
    "pct_block": 0.0,
    "pct_limit": 97.39089184060721,
    "pct_permit": 2.6091081593927896
  },
  "normal_transferencia": {
    "n": 29,
    "mean": -0.44924434880830805,
    "std": 0.046529224508547365,
    "p5": -0.5140504210327316,
    "p25": -0.4857642602311172,
    "p50": -0.45407108758292253,
    "p75": -0.40399089180352993,
    "p95": -0.3817791820845276,
    "pct_block": 0.0,
    "pct_limit": 17.24137931034483,
    "pct_permit": 82.75862068965517
  }
}