{
  "anom_bruteforce": {
    "n": 2062,
    "label": 1,
    "grupo": "anom",
    "proto_tcp": 2062,
    "proto_udp": 0,
    "proto_icmp": 0,
    "pkt_rate_mean": 9653.4167013071,
    "pkt_rate_p95": 10000.0,
    "byte_rate_mean": 1349206.935014549,
    "duration_mean": 0.001089718719689622,
    "avg_pkt_size_mean": 126.91333472944773
  },
  "anom_httpabuse": {
    "n": 21758,
    "label": 1,
    "grupo": "anom",
    "proto_tcp": 15882,
    "proto_udp": 0,
    "proto_icmp": 5876,
    "pkt_rate_mean": 7230.832025839482,
    "pkt_rate_p95": 10000.0,
    "byte_rate_mean": 986239.2320681312,
    "duration_mean": 0.02408580751907345,
    "avg_pkt_size_mean": 100.16370469417743
  },
  "anom_icmpflood": {
    "n": 20200,
    "label": 1,
    "grupo": "anom",
    "proto_tcp": 4,
    "proto_udp": 5911,
    "proto_icmp": 14285,
    "pkt_rate_mean": 999.9614381634955,
    "pkt_rate_p95": 1000.0,
    "byte_rate_mean": 60010.40257520772,
    "duration_mean": 0.006117871287128713,
    "avg_pkt_size_mean": 30.0349606408903
  },
  "anom_portscan": {
    "n": 3297,
    "label": 1,
    "grupo": "anom",
    "proto_tcp": 3297,
    "proto_udp": 0,
    "proto_icmp": 0,
    "pkt_rate_mean": 1292.0897505406665,
    "pkt_rate_p95": 2000.0,
    "byte_rate_mean": 80411.85262581312,
    "duration_mean": 0.0775150136487716,
    "avg_pkt_size_mean": 35.07123574787437
  },
  "anom_synflood": {
    "n": 94841,
    "label": 1,
    "grupo": "anom",
    "proto_tcp": 82104,
    "proto_udp": 12733,
    "proto_icmp": 4,
    "pkt_rate_mean": 2875.1643764217743,
    "pkt_rate_p95": 10000.0,
    "byte_rate_mean": 334882.470543686,
    "duration_mean": 0.1405447749391086,
    "avg_pkt_size_mean": 67.25405351573856
  },
  "anom_udpflood": {
    "n": 15815,
    "label": 1,
    "grupo": "anom",
    "proto_tcp": 1431,
    "proto_udp": 14384,
    "proto_icmp": 0,
    "pkt_rate_mean": 1080.0133651826868,
    "pkt_rate_p95": 2000.0,
    "byte_rate_mean": 64819.378994700455,
    "duration_mean": 0.00915580145431552,
    "avg_pkt_size_mean": 30.8723245800429
  },
  "mixto_descarga": {
    "n": 109839,
    "label": 1,
    "grupo": "mixto",
    "proto_tcp": 11923,
    "proto_udp": 97916,
    "proto_icmp": 0,
    "pkt_rate_mean": 999.2515264503689,
    "pkt_rate_p95": 1000.0,
    "byte_rate_mean": 60390.03754663089,
    "duration_mean": 0.007350403772794728,
    "avg_pkt_size_mean": 31.066692032244603
  },
  "mixto_http": {
    "n": 95157,
    "label": 1,
    "grupo": "mixto",
    "proto_tcp": 95157,
    "proto_udp": 0,
    "proto_icmp": 0,
    "pkt_rate_mean": 1002.5908872714958,
    "pkt_rate_p95": 1000.0,
    "byte_rate_mean": 60774.72032920568,
    "duration_mean": 0.0014655569217188436,
    "avg_pkt_size_mean": 30.859425689556115
  },
  "mixto_ssh": {
    "n": 137,
    "label": 1,
    "grupo": "mixto",
    "proto_tcp": 137,
    "proto_udp": 0,
    "proto_icmp": 0,
    "pkt_rate_mean": 1084.4698360766492,
    "pkt_rate_p95": 5000.0,
    "byte_rate_mean": 188516.08716912018,
    "duration_mean": 8.470985401459854,
    "avg_pkt_size_mean": 216.81340986964855
  },
  "normal_http": {
    "n": 11333,
    "label": 0,
    "grupo": "normal",
    "proto_tcp": 11333,
    "proto_udp": 0,
    "proto_icmp": 0,
    "pkt_rate_mean": 1112.3288906391058,
    "pkt_rate_p95": 1000.0,
    "byte_rate_mean": 79449.87967228392,
    "duration_mean": 0.03321927115503397,
    "avg_pkt_size_mean": 36.70742453744601
  },
  "normal_sostenido": {
    "n": 251,
    "label": 0,
    "grupo": "normal",
    "proto_tcp": 251,
    "proto_udp": 0,
    "proto_icmp": 0,
    "pkt_rate_mean": 5303.1419924533075,
    "pkt_rate_p95": 10000.0,
    "byte_rate_mean": 704554.5863173662,
    "duration_mean": 0.5069601593625498,
    "avg_pkt_size_mean": 162.98595584313983
  },
  "normal_ssh": {
    "n": 2108,
    "label": 0,
    "grupo": "normal",
    "proto_tcp": 2108,
    "proto_udp": 0,
    "proto_icmp": 0,
    "pkt_rate_mean": 986.2040360803478,
    "pkt_rate_p95": 1000.0,
    "byte_rate_mean": 60814.8268084957,
    "duration_mean": 0.013599146110056927,
    "avg_pkt_size_mean": 35.69708640801431
  },
  "normal_transferencia": {
    "n": 29,
    "label": 0,
    "grupo": "normal",
    "proto_tcp": 29,
    "proto_udp": 0,
    "proto_icmp": 0,
    "pkt_rate_mean": 1398.9328159487986,
    "pkt_rate_p95": 5000.0,
    "byte_rate_mean": 241600.23954161865,
    "duration_mean": 0.3853448275862069,
    "avg_pkt_size_mean": 209.88947798332688
  }
}