{
  "normal": {
    "pkts_toserver": {
      "n": 13721,
      "mean": 1.8939581663144085,
      "std": 4.416430932510067,
      "min": 1.0,
      "p5": 1.0,
      "p25": 1.0,
      "p50": 1.0,
      "p75": 1.0,
      "p95": 6.0,
      "p99": 26.0,
      "max": 115.0
    },
    "pkts_toclient": {
      "n": 13721,
      "mean": 0.7940383353982946,
      "std": 3.9778170641579766,
      "min": 0.0,
      "p5": 0.0,
      "p25": 0.0,
      "p50": 0.0,
      "p75": 0.0,
      "p95": 4.0,
      "p99": 22.0,
      "max": 99.0
    },
    "bytes_toserver": {
      "n": 13721,
      "mean": 248.60374608264704,
      "std": 1028.2562334011109,
      "min": 60.0,
      "p5": 60.0,
      "p25": 60.0,
      "p50": 60.0,
      "p75": 60.0,
      "p95": 489.0,
      "p99": 6255.0,
      "max": 18213.0
    },
    "bytes_toclient": {
      "n": 13721,
      "mean": 209.89505138109467,
      "std": 1069.2917462944522,
      "min": 0.0,
      "p5": 0.0,
      "p25": 0.0,
      "p50": 0.0,
      "p75": 0.0,
      "p95": 588.0,
      "p99": 6047.0,
      "max": 24297.0
    },
    "duration": {
      "n": 13721,
      "mean": 0.03961540704030318,
      "std": 1.8004050793690842,
      "min": 0.0,
      "p5": 0.0,
      "p25": 0.0,
      "p50": 0.0,
      "p75": 0.0,
      "p95": 0.001,
      "p99": 0.62,
      "max": 206.603
    },
    "pkt_rate": {
      "n": 13721,
      "mean": 1170.2207650636726,
      "std": 1239.6167508222372,
      "min": 0.31133250311332505,
      "p5": 1000.0,
      "p25": 1000.0,
      "p50": 1000.0,
      "p75": 1000.0,
      "p95": 1000.0,
      "p99": 10000.0,
      "max": 10000.0
    },
    "byte_rate": {
      "n": 13721,
      "mean": 88364.7510641111,
      "std": 181967.6078205444,
      "min": 40.473225404732254,
      "p5": 60000.0,
      "p25": 60000.0,
      "p50": 60000.0,
      "p75": 60000.0,
      "p95": 60000.0,
      "p99": 1077000.0,
      "max": 2230000.0
    },
    "pkt_ratio": {
      "n": 13721,
      "mean": 1.0089685694125594,
      "std": 0.04075186666528785,
      "min": 0.8888888888888888,
      "p5": 1.0,
      "p25": 1.0,
      "p50": 1.0,
      "p75": 1.0,
      "p95": 1.0869565217391304,
      "p99": 1.2,
      "max": 2.0
    },
    "byte_ratio": {
      "n": 13721,
      "mean": 56.53021585581054,
      "std": 13.95146422164775,
      "min": 0.3256090314913844,
      "p5": 1.0342261904761905,
      "p25": 60.0,
      "p50": 60.0,
      "p75": 60.0,
      "p95": 60.0,
      "p99": 60.0,
      "max": 140.0
    },
    "avg_pkt_size": {
      "n": 13721,
      "mean": 39.22826107492999,
      "std": 39.816277021652596,
      "min": 30.0,
      "p5": 30.0,
      "p25": 30.0,
      "p50": 30.0,
      "p75": 30.0,
      "p95": 97.9090909090909,
      "p99": 251.0612244897959,
      "max": 360.85714285714283
    },
    "is_tcp": {
      "n": 13721,
      "mean": 1.0,
      "std": 0.0,
      "min": 1.0,
      "p5": 1.0,
      "p25": 1.0,
      "p50": 1.0,
      "p75": 1.0,
      "p95": 1.0,
      "p99": 1.0,
      "max": 1.0
    },
    "is_udp": {
      "n": 13721,
      "mean": 0.0,
      "std": 0.0,
      "min": 0.0,
      "p5": 0.0,
      "p25": 0.0,
      "p50": 0.0,
      "p75": 0.0,
      "p95": 0.0,
      "p99": 0.0,
      "max": 0.0
    },
    "is_icmp": {
      "n": 13721,
      "mean": 0.0,
      "std": 0.0,
      "min": 0.0,
      "p5": 0.0,
      "p25": 0.0,
      "p50": 0.0,
      "p75": 0.0,
      "p95": 0.0,
      "p99": 0.0,
      "max": 0.0
    },
    "dest_port": {
      "n": 13721,
      "mean": 166.103636761169,
      "std": 1062.2819222134747,
      "min": 1.0,
      "p5": 80.0,
      "p25": 80.0,
      "p50": 80.0,
      "p75": 80.0,
      "p95": 685.0,
      "p99": 959.0,
      "max": 56868.0
    }
  },
  "anom": {
    "pkts_toserver": {
      "n": 157973,
      "mean": 2.964658517594779,
      "std": 18.7280197532549,
      "min": 1.0,
      "p5": 1.0,
      "p25": 1.0,
      "p50": 1.0,
      "p75": 6.0,
      "p95": 6.0,
      "p99": 19.0,
      "max": 7273.0
    },
    "pkts_toclient": {
      "n": 157973,
      "mean": 1.668981408215328,
      "std": 18.750573447421157,
      "min": 0.0,
      "p5": 0.0,
      "p25": 0.0,
      "p50": 0.0,
      "p75": 3.0,
      "p95": 4.0,
      "p99": 15.0,
      "max": 7273.0
    },
    "bytes_toserver": {
      "n": 157973,
      "mean": 334.47812600887494,
      "std": 1399.9065298088863,
      "min": 60.0,
      "p5": 60.0,
      "p25": 60.0,
      "p50": 60.0,
      "p75": 481.0,
      "p95": 497.0,
      "p99": 4489.0,
      "max": 436380.0
    },
    "bytes_toclient": {
      "n": 157973,
      "mean": 406.2163850784628,
      "std": 3838.8364716714236,
      "min": 0.0,
      "p5": 0.0,
      "p25": 0.0,
      "p50": 0.0,
      "p75": 552.0,
      "p95": 1682.0,
      "p99": 4157.0,
      "max": 1127557.0
    },
    "duration": {
      "n": 157973,
      "mean": 0.09102606141555837,
      "std": 2.6884948323620153,
      "min": 0.0,
      "p5": 0.0,
      "p25": 0.0,
      "p50": 0.0,
      "p75": 0.001,
      "p95": 0.002,
      "p99": 0.276,
      "max": 596.137
    },
    "pkt_rate": {
      "n": 157973,
      "mean": 3111.0183728189477,
      "std": 3503.7898864937983,
      "min": 0.03354933513605095,
      "p5": 1000.0,
      "p25": 1000.0,
      "p50": 1000.0,
      "p75": 3000.0,
      "p95": 10000.0,
      "p99": 10000.0,
      "max": 10000.0
    },
    "byte_rate": {
      "n": 157973,
      "mean": 370339.82255891716,
      "std": 584176.5809953612,
      "min": 3.114833529452482,
      "p5": 60000.0,
      "p25": 60000.0,
      "p50": 60000.0,
      "p75": 180000.0,
      "p95": 1615000.0,
      "p99": 2179000.0,
      "max": 2179000.0
    },
    "pkt_ratio": {
      "n": 157973,
      "mean": 1.0416794756748597,
      "std": 0.17189616836978727,
      "min": 0.24260355029585798,
      "p5": 1.0,
      "p25": 1.0,
      "p50": 1.0,
      "p75": 1.1875,
      "p95": 1.2,
      "p99": 1.2,
      "max": 6.0
    },
    "byte_ratio": {
      "n": 157973,
      "mean": 35.59016068973655,
      "std": 36.57866047234877,
      "min": 0.020725319673134332,
      "p5": 0.4237885462555066,
      "p25": 1.0796055796055797,
      "p50": 60.0,
      "p75": 60.0,
      "p95": 60.0,
      "p99": 60.0,
      "max": 1682.0
    },
    "avg_pkt_size": {
      "n": 157973,
      "mean": 63.49237372762623,
      "std": 57.89626537468416,
      "min": 30.0,
      "p5": 30.0,
      "p25": 30.0,
      "p50": 30.0,
      "p75": 95.18181818181819,
      "p95": 198.0909090909091,
      "p99": 247.02857142857144,
      "max": 1058.5523809523809
    },
    "is_tcp": {
      "n": 157973,
      "mean": 0.6632779019199484,
      "std": 0.4725904575227242,
      "min": 0.0,
      "p5": 0.0,
      "p25": 0.0,
      "p50": 1.0,
      "p75": 1.0,
      "p95": 1.0,
      "p99": 1.0,
      "max": 1.0
    },
    "is_udp": {
      "n": 157973,
      "mean": 0.2090737024681433,
      "std": 0.4066484183962205,
      "min": 0.0,
      "p5": 0.0,
      "p25": 0.0,
      "p50": 0.0,
      "p75": 0.0,
      "p95": 1.0,
      "p99": 1.0,
      "max": 1.0
    },
    "is_icmp": {
      "n": 157973,
      "mean": 0.12764839561190836,
      "std": 0.3336989475687241,
      "min": 0.0,
      "p5": 0.0,
      "p25": 0.0,
      "p50": 0.0,
      "p75": 0.0,
      "p95": 1.0,
      "p99": 1.0,
      "max": 1.0
    },
    "dest_port": {
      "n": 137808,
      "mean": 580.7694618599791,
      "std": 4938.039593875937,
      "min": 1.0,
      "p5": 53.0,
      "p25": 53.0,
      "p50": 80.0,
      "p75": 80.0,
      "p95": 327.0,
      "p99": 8499.319999999832,
      "max": 60950.0
    }
  },
  "mixto": {
    "pkts_toserver": {
      "n": 205133,
      "mean": 1.119439583099745,
      "std": 1.754114963312959,
      "min": 1.0,
      "p5": 1.0,
      "p25": 1.0,
      "p50": 1.0,
      "p75": 1.0,
      "p95": 1.0,
      "p99": 1.0,
      "max": 211.0
    },
    "pkts_toclient": {
      "n": 205133,
      "mean": 0.10575577795869022,
      "std": 1.535223225187205,
      "min": 0.0,